{
  "retrieval": {
    "bleu": 0.23229114056971908,
    "rougeL": 0.2966624781318494,
    "persona_coverage": 0.3756068538885954,
    "jaccard": 0.2733199482787082
  },
  "template": {
    "bleu": 0.002484457124844483,
    "rougeL": 0.1286879779179808,
    "persona_coverage": 1.0,
    "jaccard": 0.15430370989466471
  },
  "t5_small": {
    "bleu": 0.007350908765961305,
    "rougeL": 0.1407144205788058,
    "persona_coverage": 0.27495778776299434,
    "jaccard": 0.06885663920692994
  }
}