{
  "bleu": 3.674839989009289e-09,
  "rougeL": 0.0690662716285078
}