{
  "retrieval": {
    "bleu": 0.23229114056971908,
    "rougeL": 0.2966624781318494
  },
  "template": {
    "bleu": 0.002484457124844483,
    "rougeL": 0.1286879779179808
  }
}